{
"lengthUnit": "mil",
"components": {
	"fields": ["COMPONENT_NO", "COMPONENT_NAME", "LAYER", "X_COORDINATE", "Y_COORDINATE", "ANGLE"],
	"rows": [
		[1, "J1", "T", 1210, 215, 180],
		[2, "Q1", "T", 1940, 785, 90],
		[3, "Q2", "T", 1505, 260, 0],
		[4, "Q3", "T", 1505, 495, 0],
		[5, "R1", "T", 1960, 230, 270],
		[6, "R2", "T", 2015, 445, 90],
		[7, "R4", "T", 1045, 1845, 90],
		[8, "R5", "T", 1060, 1220, 90],
		[9, "R7", "T", 1535, 370, 180],
		[10, "R8", "T", 1535, 140, 180],
		[11, "U1", "T", 2250, 780, 270],
		[12, "U2", "T", 1625, 780, 270],
		[13, "U8", "T", 1740, 315, 90],
		[14, "U9", "T", 676.7, 1525, 0],
		[15, "USB1", "T", 2300, 365, 90]
	]
},
"pins": {
	"fields": ["PIN_NO", "PIN_NAME", "PIN_X", "PIN_Y", "LAYER", "PIN_TYPE", "NET_NAME", "NET_TYPE", "PAD_SHAPE", "PAD_SIZEX", "PAD_SIZEY", "HOLE_SIZE", "PAD_ANGLE"],
	"rows": [
		[1, "J1_1", 1360, 215, "T", "DIP", "+5V", "", "R", 62, 62, 35, 180],
		[2, "J1_1", 1360, 215, "B", "DIP", "+5V", "", "R", 62, 62, 35, 180],
		[3, "J1_2", 1260, 215, "T", "DIP", "GND", "GND", "C", 62, 62, 35, 180],
		[4, "J1_2", 1260, 215, "B", "DIP", "GND", "GND", "C", 62, 62, 35, 180],
		[5, "J1_3", 1160, 215, "T", "DIP", "SCL", "", "C", 62, 62, 35, 180],
		[6, "J1_3", 1160, 215, "B", "DIP", "SCL", "", "C", 62, 62, 35, 180],
		[7, "J1_4", 1060, 215, "T", "DIP", "SDA", "", "C", 62, 62, 35, 180],
		[8, "J1_4", 1060, 215, "B", "DIP", "SDA", "", "C", 62, 62, 35, 180],
		[9, "Q1_1", 1849.46, 672.5, "T", "SMD", "GND", "GND", "R", 97.05, 41.34, 0, 90],
		[10, "Q1_2", 1940, 672.5, "T", "SMD", "Q1_2", "", "R", 97.05, 41.34, 0, 90],
		[11, "Q1_3", 2030.55, 672.5, "T", "SMD", "+5V", "", "R", 97.05, 41.34, 0, 90],
		[12, "Q1_4", 1940, 897.5, "T", "SMD", "VCC", "", "R", 97.05, 139.37, 0, 90],
		[13, "Q2_1", 1544.37, 222.6, "T", "SMD", "$1N5996", "", "R", 49.21, 27.56, 0, 0],
		[14, "Q2_2", 1544.37, 297.4, "T", "SMD", "RTS", "", "R", 49.21, 27.56, 0, 0],
		[15, "Q2_3", 1465.63, 260, "T", "SMD", "EN", "", "R", 49.21, 27.56, 0, 0],
		[16, "Q3_1", 1544.37, 457.6, "T", "SMD", "$1N6000", "", "R", 49.21, 27.56, 0, 0],
		[17, "Q3_2", 1544.37, 532.4, "T", "SMD", "DTR", "", "R", 49.21, 27.56, 0, 0],
		[18, "Q3_3", 1465.63, 495, "T", "SMD", "IO0", "", "R", 49.21, 27.56, 0, 0],
		[19, "R1_1", 1960, 247.04, "T", "SMD", "CC1", "", "R", 22.27, 21.26, 0, 270],
		[20, "R1_2", 1960, 212.96, "T", "SMD", "GND", "GND", "R", 22.27, 21.26, 0, 270],
		[21, "R2_1", 2015, 427.96, "T", "SMD", "CC2", "", "R", 22.27, 21.26, 0, 90],
		[22, "R2_2", 2015, 462.04, "T", "SMD", "GND", "GND", "R", 22.27, 21.26, 0, 90],
		[23, "R4_1", 1045, 1827.96, "T", "SMD", "GND", "GND", "R", 22.27, 21.26, 0, 90],
		[24, "R4_2", 1045, 1862.04, "T", "SMD", "$1N9", "", "R", 22.27, 21.26, 0, 90],
		[25, "R5_1", 1060, 1202.96, "T", "SMD", "VCC", "", "R", 22.27, 21.26, 0, 90],
		[26, "R5_2", 1060, 1237.04, "T", "SMD", "$1N5192", "", "R", 22.27, 21.26, 0, 90],
		[27, "R7_1", 1552.04, 370, "T", "SMD", "DTR", "", "R", 22.27, 21.26, 0, 180],
		[28, "R7_2", 1517.96, 370, "T", "SMD", "$1N5996", "", "R", 22.27, 21.26, 0, 180],
		[29, "R8_1", 1552.04, 140, "T", "SMD", "RTS", "", "R", 22.27, 21.26, 0, 180],
		[30, "R8_2", 1517.96, 140, "T", "SMD", "$1N6000", "", "R", 22.27, 21.26, 0, 180],
		[31, "U1_1", 2250, 885.12, "T", "SMD", "+5V", "", "R", 137.79, 47.24, 0, 270],
		[32, "U1_2", 2250, 674.88, "T", "SMD", "GND", "GND", "R", 137.79, 47.24, 0, 270],
		[33, "U2_1", 1625, 885.12, "T", "SMD", "VCC", "", "R", 137.79, 47.24, 0, 270],
		[34, "U2_2", 1625, 674.88, "T", "SMD", "GND", "GND", "R", 137.79, 47.24, 0, 270],
		[35, "U8_1", 1853.09, 140, "T", "SMD", "GND", "GND", "O", 22.05, 68.7, 0, 90],
		[36, "U8_2", 1853.09, 190, "T", "SMD", "$1N3422", "", "O", 22.05, 68.7, 0, 90],
		[37, "U8_3", 1853.09, 240, "T", "SMD", "$1N5198", "", "O", 22.05, 68.7, 0, 90],
		[38, "U8_4", 1853.09, 290, "T", "SMD", "VCC", "", "O", 22.05, 68.7, 0, 90],
		[39, "U8_5", 1853.09, 340, "T", "SMD", "D+", "", "O", 22.05, 68.7, 0, 90],
		[40, "U8_6", 1853.09, 390, "T", "SMD", "D-", "", "O", 22.05, 68.7, 0, 90],
		[41, "U8_7", 1853.09, 440, "T", "SMD", "U8_7", "", "O", 22.05, 68.7, 0, 90],
		[42, "U8_8", 1853.09, 490, "T", "SMD", "U8_8", "", "O", 22.05, 68.7, 0, 90],
		[43, "U8_9", 1626.91, 490, "T", "SMD", "U8_9", "", "O", 22.05, 68.7, 0, 90],
		[44, "U8_10", 1626.91, 440, "T", "SMD", "U8_10", "", "O", 22.05, 68.7, 0, 90],
		[45, "U8_11", 1626.91, 390, "T", "SMD", "U8_11", "", "O", 22.05, 68.7, 0, 90],
		[46, "U8_12", 1626.91, 340, "T", "SMD", "U8_12", "", "O", 22.05, 68.7, 0, 90],
		[47, "U8_13", 1626.91, 290, "T", "SMD", "DTR", "", "O", 22.05, 68.7, 0, 90],
		[48, "U8_14", 1626.91, 240, "T", "SMD", "RTS", "", "O", 22.05, 68.7, 0, 90],
		[49, "U8_15", 1626.91, 190, "T", "SMD", "U8_15", "", "O", 22.05, 68.7, 0, 90],
		[50, "U8_16", 1626.91, 140, "T", "SMD", "VCC", "", "O", 22.05, 68.7, 0, 90],
		[51, "U9_1", 375.5, 1227.7, "T", "SMD", "U9_1", "", "R", 98.42, 55.12, 0, 90],
		[52, "U9_2", 454.24, 1227.7, "T", "SMD", "U9_2", "", "R", 98.42, 55.12, 0, 90],
		[53, "U9_3", 532.98, 1227.7, "T", "SMD", "EN", "", "R", 98.42, 55.12, 0, 90],
		[54, "U9_4", 611.72, 1227.7, "T", "SMD", "U9_4", "", "R", 98.42, 55.12, 0, 90],
		[55, "U9_5", 690.46, 1227.7, "T", "SMD", "U9_5", "", "R", 98.42, 55.12, 0, 90],
		[56, "U9_6", 769.2, 1227.7, "T", "SMD", "U9_6", "", "R", 98.42, 55.12, 0, 90],
		[57, "U9_7", 847.94, 1227.7, "T", "SMD", "U9_7", "", "R", 98.42, 55.12, 0, 90],
		[58, "U9_8", 926.68, 1227.73, "T", "SMD", "VCC", "", "R", 98.42, 55.12, 0, 90],
		[59, "U9_9", 926.68, 1822.19, "T", "SMD", "GND", "GND", "R", 98.42, 55.12, 0, 270],
		[60, "U9_10", 847.94, 1822.25, "T", "SMD", "$1N9", "", "R", 98.42, 55.12, 0, 270],
		[61, "U9_11", 769.2, 1822.3, "T", "SMD", "$1N5192", "", "R", 98.42, 55.12, 0, 270],
		[62, "U9_12", 690.46, 1822.27, "T", "SMD", "IO0", "", "R", 98.42, 55.12, 0, 270],
		[63, "U9_13", 611.72, 1822.24, "T", "SMD", "SDA", "", "R", 98.42, 55.12, 0, 270],
		[64, "U9_14", 532.98, 1822.27, "T", "SMD", "SCL", "", "R", 98.42, 55.12, 0, 270],
		[65, "U9_15", 454.24, 1822.26, "T", "SMD", "$1N3422", "", "R", 98.42, 55.12, 0, 270],
		[66, "U9_16", 375.5, 1822.27, "T", "SMD", "$1N5198", "", "R", 98.42, 55.12, 0, 270],
		[67, "U9_17", 977.91, 1328.15, "T", "SMD", "U9_17", "", "R", 66.93, 55.12, 0, 180],
		[68, "U9_18", 977.85, 1406.81, "T", "SMD", "U9_18", "", "R", 66.93, 55.12, 0, 180],
		[69, "U9_19", 977.87, 1485.5, "T", "SMD", "U9_19", "", "R", 66.93, 55.12, 0, 180],
		[70, "U9_20", 977.87, 1564.27, "T", "SMD", "U9_20", "", "R", 66.93, 55.12, 0, 180],
		[71, "U9_21", 977.87, 1642.98, "T", "SMD", "U9_21", "", "R", 66.93, 55.12, 0, 180],
		[72, "U9_22", 977.9, 1721.72, "T", "SMD", "U9_22", "", "R", 66.93, 55.12, 0, 180],
		[73, "USB1_1", 2206.49, 239.01, "T", "SMD", "GND", "GND", "R", 21.65, 43.31, 0, 90],
		[74, "USB1_2", 2206.49, 270.51, "T", "SMD", "+5V", "", "R", 21.65, 43.31, 0, 90],
		[75, "USB1_3", 2206.49, 296.11, "T", "SMD", "USB1_3", "", "R", 11.81, 43.31, 0, 90],
		[76, "USB1_4", 2206.49, 315.8, "T", "SMD", "CC1", "", "R", 11.81, 43.31, 0, 90],
		[77, "USB1_5", 2206.49, 335.48, "T", "SMD", "D-", "", "R", 11.81, 43.31, 0, 90],
		[78, "USB1_6", 2206.49, 355.16, "T", "SMD", "D+", "", "R", 11.81, 43.31, 0, 90],
		[79, "USB1_7", 2206.49, 374.84, "T", "SMD", "D-", "", "R", 11.81, 43.31, 0, 90],
		[80, "USB1_8", 2206.49, 394.52, "T", "SMD", "D+", "", "R", 11.81, 43.31, 0, 90],
		[81, "USB1_9", 2206.49, 414.22, "T", "SMD", "USB1_9", "", "R", 11.81, 43.31, 0, 90],
		[82, "USB1_10", 2206.49, 433.91, "T", "SMD", "CC2", "", "R", 11.81, 43.31, 0, 90],
		[83, "USB1_11", 2206.49, 459.5, "T", "SMD", "+5V", "", "R", 21.65, 43.31, 0, 90],
		[84, "USB1_12", 2206.49, 490.99, "T", "SMD", "GND", "GND", "R", 21.65, 43.31, 0, 90],
		[85, "USB1_13", 2228.14, 194.72, "T", "DIP", "USB1_13", "", "O", 43.31, 78.74, 59.05, 90],
		[86, "USB1_13", 2228.14, 194.72, "B", "DIP", "USB1_13", "", "O", 43.31, 78.74, 59.05, 90],
		[87, "USB1_13", 2393.51, 194.72, "T", "DIP", "USB1_A_13", "", "O", 47.24, 70.87, 47.24, 90],
		[88, "USB1_13", 2393.51, 194.72, "B", "DIP", "USB1_A_13", "", "O", 47.24, 70.87, 47.24, 90],
		[89, "USB1_14", 2228.14, 535.28, "T", "DIP", "USB1_14", "", "O", 43.31, 78.74, 59.06, 90],
		[90, "USB1_14", 2228.14, 535.28, "B", "DIP", "USB1_14", "", "O", 43.31, 78.74, 59.06, 90],
		[91, "USB1_14", 2393.51, 535.28, "T", "DIP", "USB1_A_14", "", "O", 47.24, 70.87, 47.24, 90],
		[92, "USB1_14", 2393.51, 535.28, "B", "DIP", "USB1_A_14", "", "O", 47.24, 70.87, 47.24, 90]
	]
}
}